Column1;Column2
2019;Abdominal Neoplasms
2002;Acromegaly
2012;Acromegaly
2018;Acute Coronary Syndrome
2015;Acute Coronary Syndrome
2010;Acute Coronary Syndrome
2009;Acute Coronary Syndrome
2009;Acute Coronary Syndrome
2010;Acute Coronary Syndrome
2010;Acute Coronary Syndrome
2009;Acute Coronary Syndrome
2011;Acute Coronary Syndrome
2010;Acute Coronary Syndrome
2009;Acute Coronary Syndrome
1998;Acute Coronary Syndrome
1998;Acute Coronary Syndrome
2008;Acute Coronary Syndrome
2008;Acute Coronary Syndrome
2004;Acute Coronary Syndrome
2009;Acute Coronary Syndrome
2010;Acute Coronary Syndrome
2014;Acute Coronary Syndrome
2015;Acute Coronary Syndrome
2010;Acute Coronary Syndrome
2009;Acute Coronary Syndrome
2012;Adenocarcinoma
2012;Adenocarcinoma
2012;Adenocarcinoma
2010;Adenocarcinoma
2007;Adenocarcinoma
1995;Adenocarcinoma
2010;Adenoma
2003;Adenomatous Polyposis Coli
2004;Adrenal Cortex Neoplasms
2018;Adrenal Insufficiency
2011;Adrenal Insufficiency
2013;Alcohol-Related Disorders
2018;alpha-Mannosidosis
1998;Alzheimer Disease
2009;Alzheimer Disease
2011;Alzheimer Disease
2009;Alzheimer Disease
2009;Alzheimer Disease
2009;Alzheimer Disease
2000;Alzheimer Disease
2002;Alzheimer Disease
2012;Alzheimer Disease
2013;Alzheimer Disease
2013;Alzheimer Disease
2002;Alzheimer Disease
2013;Alzheimer Disease
2013;Alzheimer Disease
2013;Alzheimer Disease
2013;Alzheimer Disease
2014;Alzheimer Disease
NA;Alzheimer Disease
NA;Alzheimer Disease
2009;Alzheimer Disease
1998;Alzheimer Disease
2014;Alzheimer Disease
2014;Alzheimer Disease
2017;Amino Acid Metabolism
2003;Amino Acid Metabolism
2011;Amyloidosis
2018;Amyloidosis
2018;Amyloidosis, Familial
1996;Amyotrophic Lateral Sclerosis
2012;Amyotrophic Lateral Sclerosis
NA;Amyotrophic Lateral Sclerosis
2009;Anemia
2009;Anemia
2002;Anemia
2001;Anemia
1997;Anemia
2007;Anemia
2007;Anemia
2001;Anemia
2016;Anemia
2007;Anemia
2007;Anemia
2007;Anemia
2007;Anemia
2007;Anemia
2012;Anemia
2019;Anemia
2008;Angina Pectoris
2005;Angina Pectoris
2005;Angina Pectoris
2017;Angina Pectoris
2015;Angina Pectoris
2016;Angina Pectoris
2016;Angina Pectoris
2009;Angina, Unstable
2018;Angina, Unstable
2002;Angina, Unstable
2002;Angina, Unstable
1999;Angina, Unstable
NA;Angioedema
2018;Angioedemas, Hereditary
2011;Angioedemas, Hereditary
2008;Angioedemas, Hereditary
2010;Angioedemas, Hereditary
NA;Anorexia
2004;Anorexia
2015;Anorexia
2013;Anovulation
2014;Anovulation
2016;Anovulation
2001;Anovulation
1995;Anovulation
2006;Antithrombin III Deficiency
2004;Anxiety Disorders
2015;Anxiety Disorders
2004;Anxiety Disorders
2015;Anxiety Disorders
2014;Anxiety Disorders
2015;Anxiety Disorders
2015;Anxiety Disorders
2017;Anxiety Disorders
2015;Anxiety Disorders
2015;Anxiety Disorders
2015;Anxiety Disorders
2009;Apnea
2018;Arthritis
2017;Arthritis
2018;Arthritis
2017;Arthritis
2017;Arthritis
2017;Arthritis
2017;Arthritis
2017;Arthritis
2009;Arthritis
2007;Arthritis
2017;Arthritis
2016;Arthritis
2017;Arthritis
2019;Arthritis
2019;Arthritis
2009;Arthritis
2009;Arthritis
2000;Arthritis
2003;Arthritis
2018;Arthritis
2019;Arthritis
2010;Arthritis
2011;Arthritis
2018;Arthritis
2018;Arthritis
2018;Arthritis
2009;Arthritis
2000;Arthritis
2003;Arthritis
2017;Arthritis
2007;Arthritis
2017;Arthritis
2018;Arthritis
2009;Arthritis
2013;Arthritis
2013;Arthritis
2017;Arthritis
2016;Arthritis
2017;Arthritis
2016;Arthritis
2017;Arthritis
2018;Arthritis
2000;Arthritis
2003;Arthritis
2003;Arthritis
2018;Arthritis
2017;Arthritis
2016;Arthritis
1999;Arthritis
1999;Arthritis
1999;Arthritis
2017;Arthritis
2007;Arthritis
2017;Arthritis
2018;Arthritis
2015;Arthritis
2009;Arthritis
2013;Arthritis
2013;Arthritis
2017;Arthritis
2017;Arthritis
2016;Arthritis
2017;Arthritis
2015;Arthritis
2016;Arthritis
2017;Arthritis
2009;Arthritis
2017;Arthritis
2017;Arthritis
2002;Arthritis
2017;Arthritis
2010;Arthritis
NA;Arthritis
2010;Arthritis
2011;Arthritis
2019;Arthritis
2019;Arthritis
2010;Arthritis
2011;Arthritis
2009;Arthritis
2003;Arthritis
2003;Arthritis
2017;Arthritis
2017;Arthritis 
2008;Arthroplasty
2008;Arthroplasty
2011;Arthroplasty
2009;Ascites
2016;Aspergillosis
2001;Aspergillosis
2002;Aspergillosis
2005;Aspergillosis
2015;Aspergillosis
2005;Aspergillosis
2015;Aspergillosis
2013;Aspergillosis
2015;Asthma
2016;Asthma
2018;Asthma
2014;Asthma
2014;Asthma
NA;Asthma
2005;Asthma, Urticaria
1998;Atrial Fibrillation
1998;Atrial Fibrillation
1999;Atrial Fibrillation
2010;Atrial Fibrillation
2009;Atrial Fibrillation
1999;Atrial Fibrillation
2015;Attention Deficit Disorder with Hyperactivity
2018;Autistic Disorder
2006;Bacteremia 
2018;Bacteremia, Bacterial Infections
2008;Bacterial Infections
2015;Bacterial Infections
1998;Bacterial Infections
1998;Bacterial Infections
1998;Bacterial Infections
1998;Bacterial Infections
2006;Bacterial Infections
2018;Bacterial Infections
2015;Bacterial Infections
2011;Bacterial, Cross Infection
2006;Bacterial, Soft Tissue Infections
2016;Bacterial, Soft Tissue Infections
2008;Bacterial, Urinary Tract Infections
2004;Barrett Esophagus
2000;BCR-ABL Positive, Melanoma
2019;beta-Thalassemia
2018;beta-Thalassemia
2019;beta-Thalassemia
1999;beta-Thalassemia
2006;beta-Thalassemia
2009;Bipolar Disorder
2004;Bipolar Disorder
2009;Bipolar Disorder
2009;Bipolar Disorder
2010;Bipolar Disorder
2015;Bipolar Disorder
2015;Bipolar Disorder
2015;Bipolar Disorder
2007;Bipolar Disorder
2013;Bipolar Disorder
2015;Bipolar Disorder
2000;Bipolar Disorder
1996;Bipolar Disorder
2007;Bipolar Disorder
2007;Bipolar Disorder
1996;Bipolar Disorder
2010;Bipolar Disorder
2008;Bipolar Disorder
2009;Bipolar Disorder
2012;Blood Coagulation Disorders, Inherited
2007;Blood Transfusion, Autologous
2007;Blood Transfusion, Autologous
2008;Bone Marrow Transplantation
2007;Bone Marrow Transplantation
2006;Bone Marrow Transplantation
1999;Bone Resorption
2010;Bone Resorption
2012;Breast Diseases, Neoplastic Processes
2005;Breast Neoplasms
2011;Breast Neoplasms
2009;Breast Neoplasms
2018;Breast Neoplasms
2012;Breast Neoplasms
2012;Breast Neoplasms
2001;Breast Neoplasms
2012;Breast Neoplasms
2019;Breast Neoplasms
2012;Breast Neoplasms
2012;Breast Neoplasms
2010;Breast Neoplasms
2007;Breast Neoplasms
1995;Breast Neoplasms
2012;Breast Neoplasms
2011;Breast Neoplasms
1996;Breast Neoplasms
1999;Breast Neoplasms
2000;Breast Neoplasms
2017;Breast Neoplasms
2018;Breast Neoplasms
2018;Breast Neoplasms
2018;Breast Neoplasms
2018;Breast Neoplasms
2010;Breast Neoplasms
2013;Breast Neoplasms
1996;Breast Neoplasms
2018;Breast Neoplasms
2000;Breast Neoplasms
2019;Breast Neoplasms
2018;Breast Neoplasms
2017;Breast Neoplasms
2008;Breast Neoplasms
2016;Breast Neoplasms
2019;Breast Neoplasms
2004;Breast Neoplasms
2018;Breast Neoplasms
2013;Breast Neoplasms
1996;Breast Neoplasms
2013;Breast Neoplasms
NA;Breast Neoplasms
2011;Breast Neoplasms
NA;Breast Neoplasms
2011;Breast Neoplasms
2010;Breast Neoplasms
2008;Breast Neoplasms
2014;Breast Neoplasms
2001;Bronchitis, Chronic
2001;Bronchitis, Chronic,
NA;Cachexia
2012;Calcium Metabolism Disorders
2007;Cancer
2001;Cancer
2009;Cancer
2012;Cancer
2012;Cancer
2009;Cancer
2009;Cancer
2001;Cancer
2016;Cancer
2002;Cancer
2002;Cancer
2009;Cancer
2010;Cancer
2009;Cancer
2008;Cancer
2008;Cancer
2008;Cancer
2008;Cancer
2007;Cancer
2001;Cancer
2013;Candidiasis
2008;Candidiasis
2007;Candidiasis
NA;Candidiasis
2016;Candidiasis
2001;Candidiasis
2002;Candidiasis
2005;Candidiasis
2005;Candidiasis
2013;Carbamoyl-Phosphate Synthase I Deficiency Disease
2000;Carcinoid Tumor
2017;Carcinoid Tumor
2001;Carcinoma
2011;Carcinoma
2015;Carcinoma Renal Cell
1998;Carcinoma, Basal Cell
2011;Carcinoma, Basal Cell
2013;Carcinoma, Basal Cell
2015;Carcinoma, Basal Cell
2006;Carcinoma, Hepatocellular
2008;Carcinoma, Non-Small-Cell Lung
2018;Carcinoma, Non-Small-Cell Lung
2019;Carcinoma, Non-Small-Cell Lung
2012;Carcinoma, Non-Small-Cell Lung
2015;Carcinoma, Non-Small-Cell Lung
2015;Carcinoma, Non-Small-Cell Lung
2004;Carcinoma, Non-Small-Cell Lung
2010;Carcinoma, Non-Small-Cell Lung
2012;Carcinoma, Non-Small-Cell Lung
2012;Carcinoma, Non-Small-Cell Lung
2010;Carcinoma, Non-Small-Cell Lung
2007;Carcinoma, Non-Small-Cell Lung
1995;Carcinoma, Non-Small-Cell Lung
NA;Carcinoma, Non-Small-Cell Lung
2014;Carcinoma, Non-Small-Cell Lung
2018;Carcinoma, Non-Small-Cell Lung
2016;Carcinoma, Non-Small-Cell Lung
2015;Carcinoma, Non-Small-Cell Lung
2018;Carcinoma, Non-Small-Cell Lung
2019;Carcinoma, Non-Small-Cell Lung
2019;Carcinoma, Non-Small-Cell Lung
2009;Carcinoma, Non-Small-Cell Lung
2012;Carcinoma, Non-Small-Cell Lung
2018;Carcinoma, Non-Small-Cell Lung
2017;Carcinoma, Non-Small-Cell Lung
2013;Carcinoma, Non-Small-Cell Lung
2016;Carcinoma, Non-Small-Cell Lung
2015;Carcinoma, Non-Small-Cell Lung
2015;Carcinoma, Non-Small-Cell Lung
2016;Carcinoma, Non-Small-Cell Lung
2016;Carcinoma, Non-Small-Cell Lung
2018;Carcinoma, Non-Small-Cell Lung
2016;Carcinoma, Non-Small-Cell Lung
2017;Carcinoma, Non-Small-Cell Lung
2015;Carcinoma, Non-Small-Cell Lung
2015;Carcinoma, Non-Small-Cell Lung
2015;Carcinoma, Non-Small-Cell Lung
2015;Carcinoma, Non-Small-Cell Lung
2005;Carcinoma, Non-Small-Cell Lung
2005;Carcinoma, Non-Small-Cell Lung
2011;Carcinoma, Non-Small-Cell Lung
1999;Carcinoma, Non-Small-Cell Lung
2012;Carcinoma, Non-Small-Cell Lung
2006;Carcinoma, Renal Cell
2005;Carcinoma, Renal Cell
2019;Carcinoma, Renal Cell
2006;Carcinoma, Renal Cell
2012;Carcinoma, Renal Cell
2016;Carcinoma, Renal Cell
2016;Carcinoma, Renal Cell
2017;Carcinoma, Renal Cell
2010;Carcinoma, Renal Cell
2009;Carcinoma, Renal Cell
2007;Carcinoma, Renal Cell
2018;Carcinoma, Renal Cell
2019;Carcinoma, Squamous Cell
2009;Carcinoma, Transitional Cell
2017;Carcinoma, Transitional Cell, Carcinoma, Non-Small-Cell Lung
2017;Cartilage Diseases
2009;Cartilage Diseases
2005;Cataplexy
2017;Cerebrotendinous, Metabolism
2006;Chickenpox
2004;Cholera
2009;Cholestasis
2009;Chronic
2018;Chronic Obstructive, Asthma
2014;Chronic Obstructive, Asthma
2017;Chronic Obstructive, Asthma
2014;Chronic Obstructive, Asthma
2014;Chronic Obstructive, Asthma
2019;Chronic Obstructive, Asthma
2018;Chronic Obstructive, Asthma
2018;Chronic Obstructive, Asthma
2014;Chronic Obstructive, Asthma
2014;Chronic Obstructive, Asthma
2013;Chronic Obstructive, Asthma
2013;Chronic Obstructive, Asthma
2014;Chronic Obstructive, Asthma
2017;Chronic Obstructive, Asthma
2013;Chronic Obstructive, Asthma
2017;Chronic Obstructive, Asthma
2017;Chronic Obstructive, Asthma
2009;Chronic Obstructive, Asthma
2009;Chronic Obstructive, Asthma
2012;Chronic Obstructive, Asthma
2009;Chronic Obstructive, Asthma
2012;Chronic Obstructive, Asthma
2012;Chronic Obstructive, Asthma
2012;Chronic Obstructive, Asthma
2010;Chronic Obstructive, Asthma
2011;Chronic Obstructive, Asthma
2011;Chronic Obstructive, Asthma
2012;Chronic Obstructive, Asthma
2014;Chronic Obstructive, Asthma
2016;Chronic Obstructive, Asthma
2014;Chronic Obstructive, Asthma
2016;Chronic Obstructive, Asthma
2014;Chronic Obstructive, Asthma
2014;Chronic Obstructive, Asthma
2011;Clostridium Infections
2018;Colitis Ulcerative
2017;Colitis Ulcerative
2009;Colitis Ulcerative
2003;Colitis Ulcerative
2017;Colitis Ulcerative
2018;Colitis Ulcerative
2013;Colitis Ulcerative
2013;Colitis Ulcerative
2018;Colitis Ulcerative
2018;Colitis, Ulcerative
2019;Colitis, Ulcerative
2017;Colitis, Ulcerative
2014;Colitis, Ulcerative
2012;Colonic Neoplasms
2012;Colonic Neoplasms
2001;Colonic Neoplasms
2012;Colonic Neoplasms
2013;Colonic Neoplasms
2005;Colorectal Neoplasms
2012;Colorectal Neoplasms
2001;Colorectal Neoplasms
2012;Colorectal Neoplasms
2004;Colorectal Neoplasms
2013;Colorectal Neoplasms
2012;Colorectal Neoplasms
2013;Colorectal Neoplasms
2013;Colorectal Neoplasms
2016;Colorectal Neoplasms
2012;Colorectal Neoplasms
2007;Colorectal Neoplasms
NA;Colorectal Neoplasms
1996;Colorectal Neoplasms
1998;Colorectal Neoplasms
2019;Colorectal Neoplasms
2001;Community-Acquired Infections
2012;Community-Acquired Infections
2001;Community-Acquired Infections
2002;Community-Acquired Infections
2006;Condylomata Acuminata
2006;Condylomata Acuminata
1998;Condylomata Acuminata
1998;Condylomata Acuminata
2015;Condylomata Acuminata
2002;Conjunctivitis, Allergic
1999;Conjunctivitis, Allergic
2018;Conjunctivitis, Keratitis
2011;Conscious Sedation
2019;Constipation
2009;Constipation
2014;Constipation, Opioid-Related Disorders
2002;Contraception
2011;Contraception
2011;Contraception
2009;Contraception, Postcoital
2015;Corneal Diseases
NA;Corneal Diseases, Cystinosis
2018;Crohn Disease
2017;Crohn Disease
2018;Crohn Disease
2013;Crohn Disease
2013;Crohn Disease
2017;Crohn Disease
2009;Crohn Disease
2003;Crohn Disease
2017;Crohn Disease
2017;Crohn Disease
2003;Crohn Disease
2019;Crohn Disease
2014;Crohn Disease
NA;Crohn Disease
NA;Crohn Disease
2018;Crohn Disease
2008;Cross Infection
2009;Cryopyrin-Associated Periodic Syndromes
2009;Cryopyrin-Associated Periodic Syndromes
2014;Cushing Syndrome
2019;Cystic Fibrosis
2018;Cystic Fibrosis
2012;Cystic Fibrosis
2012;Cystic Fibrosis
2015;Cystic Fibrosis
2012;Cystic Fibrosis
2011;Cystic Fibrosis
2009;Cystic Fibrosis
2015;Cystic Fibrosis
2015;Cystic Fibrosis
2013;Cystinosis
2017;Cystinosis
1997;Cystinosis
2017;Cystitis, Interstitial
2018;Cytomegalovirus Infections
1997;Cytomegalovirus Retinitis
1999;Cytomegalovirus Retinitis
1997;Cytomegalovirus Retinitis
2012;Debridement
2009;Dementia
1998;Dementia
1998;Dementia
2009;Dementia
2011;Dementia
2009;Dementia
2009;Dementia
2009;Dementia
2019;Dementia
2018;Dengue
2004;Depressive Disorder, Major
2004;Depressive Disorder, Major
2014;Depressive Disorder, Major
2015;Depressive Disorder, Major
2015;Depressive Disorder, Major
2013;Depressive Disorder, Major
2009;Depressive Disorder, Major
2009;Depressive Disorder, Major
NA;Depressive Disorder, Major
NA;Depressive Disorder, Major
2017;Dermatitis, Atopic
2002;Dermatitis, Atopic
2002;Dermatitis, Atopic
2013;Dermatofibrosarcoma
2013;Dermatofibrosarcoma
2013;Dermatofibrosarcoma
2017;Dermatofibrosarcoma
2001;Dermatofibrosarcoma
2012;Diabetes Complications
2007;Diabetes Complications
2015;Diabetes Mellitus
2017;Diabetes Mellitus
2002;Diabetes Mellitus
2002;Diabetes Mellitus
2018;Diabetes Mellitus
2018;Diabetes Mellitus
2002;Diabetes Mellitus
2002;Diabetes Mellitus
2002;Diabetes Mellitus
1999;Diabetes Mellitus
2000;Diabetes Mellitus
2014;Diabetes Mellitus
2013;Diabetes Mellitus
2000;Diabetes Mellitus
2000;Diabetes Mellitus
2001;Diabetes Mellitus
2017;Diabetes Mellitus
1997;Diabetes Mellitus
2004;Diabetes Mellitus
2013;Diabetes Mellitus
2018;Diabetes Mellitus
2017;Diabetes Mellitus
1996;Diabetes Mellitus
2004;Diabetes Mellitus
2007;Diabetes Mellitus
NA;Diabetes Mellitus
2002;Diabetes Mellitus
2006;Diabetes Mellitus
2002;Diabetes Mellitus
2002;Diabetes Mellitus
1997;Diabetes Mellitus
2012;Diabetes Mellitus, Type 1
2015;Diabetes Mellitus, Type 1
2019;Diabetes Mellitus, Type 1
2014;Diabetes Mellitus, Type 2
2009;Diabetes Mellitus, Type 2
2014;Diabetes Mellitus, Type 2
2018;Diabetes Mellitus, Type 2
2007;Diabetes Mellitus, Type 2
2008;Diabetes Mellitus, Type 2
2008;Diabetes Mellitus, Type 2
2007;Diabetes Mellitus, Type 2
2011;Diabetes Mellitus, Type 2
2014;Diabetes Mellitus, Type 2
2015;Diabetes Mellitus, Type 2
2011;Diabetes Mellitus, Type 2
2000;Diabetes Mellitus, Type 2
2007;Diabetes Mellitus, Type 2
2017;Diabetes Mellitus, Type 2
2007;Diabetes Mellitus, Type 2
2016;Diabetes Mellitus, Type 2
2012;Diabetes Mellitus, Type 2
2010;Diabetes Mellitus, Type 2
2013;Diabetes Mellitus, Type 2
2018;Diabetes Mellitus, Type 2
2018;Diabetes Mellitus, Type 2
2006;Diabetes Mellitus, Type 2
2008;Diabetes Mellitus, Type 2
2008;Diabetes Mellitus, Type 2
2008;Diabetes Mellitus, Type 2
2015;Diabetes Mellitus, Type 2
2012;Diabetes Mellitus, Type 2
2016;Diabetes Mellitus, Type 2
2008;Diabetes Mellitus, Type 2
2010;Diabetes Mellitus, Type 2
2006;Diabetes Mellitus, Type 2
2013;Diabetes Mellitus, Type 2
2014;Diabetes Mellitus, Type 2
2007;Diabetes Mellitus, Type 2
2011;Diabetes Mellitus, Type 2
2008;Diabetes Mellitus, Type 2
2012;Diabetes Mellitus, Type 2
2014;Diabetes Mellitus, Type 2
2014;Diabetes Mellitus, Type 2
2013;Diabetes Mellitus, Type 2
2013;Diabetes Mellitus, Type 2
2009;Diabetes Mellitus, Type 2
2011;Diabetes Mellitus, Type 2
2007;Diabetes Mellitus, Type 2
2008;Diabetes Mellitus, Type 2
2013;Diabetes Mellitus, Type 2
2001;Diabetes Mellitus, Type 2
2001;Diabetes Mellitus, Type 2
2012;Diabetes Mellitus, Type 2
2009;Diabetes Mellitus, Type 2
2012;Diabetes Mellitus, Type 2
1998;Diabetes Mellitus, Type 2
2012;Diabetes Mellitus, Type 2
2009;Diabetes Mellitus, Type 2
2009;Diabetes Mellitus, Type 2
2003;Diabetes Mellitus, Type 2
2000;Diabetes Mellitus, Type 2
2000;Diabetes Mellitus, Type 2
2012;Diabetes Mellitus, Type 2
2012;Diabetes Mellitus, Type 2
2012;Diabetes Mellitus, Type 2
2006;Diabetes Mellitus, Type 2
2001;Diabetes Mellitus, Type 2
2000;Diabetes Mellitus, Type 2
2000;Diabetes Mellitus, Type 2
2012;Diabetes Mellitus, Type 2
2015;Diabetes Mellitus, Type 2
2004;Diabetic Neuropathies
2004;Diabetic Neuropathies
2014;Diabetic Neuropathies
2004;Diabetic Neuropathies
2008;Diabetic Neuropathies
2016;Diarrhea
2013;Digestive System Diseases
2013;Diphtheria
2013;Diphtheria
1998;Diphtheria
2000;Diphtheria
1997;Diphtheria
1996;Diphtheria
2000;Diphtheria
1999;Diphtheria
2016;Diphtheria
2000;Diphtheria
2005;Diphtheria
2004;Ductus Arteriosus
2011;Dupuytren Contracture
2001;Dwarfism, Pituitary
2006;Dwarfism, Pituitary
2006;Dwarfism, Pituitary
2015;Dyslipidemias
2013;Dyslipidemias
2011;Dyslipidemias
2008;Dyslipidemias
2008;Dyslipidemias
2008;Dyslipidemias
2015;Dyslipidemias
2003;Dysmenorrhea
2009;Encephalitis, Japanese
2006;Endocarditis, Bacterial
2017;Enterocolitis, Pseudomembranous
2019;Epilepsies, Myoclonic
2018;Epilepsies, Partial
2019;Epilepsies, Partial
2005;Epilepsies, Partial
2012;Epilepsies, Partial
2015;Epilepsy
2014;Epilepsy
2015;Epilepsy
2015;Epilepsy
2015;Epilepsy
2015;Epilepsy
2011;Epilepsy
2011;Epilepsy
2009;Epilepsy
2017;Epilepsy
2011;Epilepsy
2000;Epilepsy
2011;Epilepsy
2011;Epilepsy
2011;Epilepsy
2011;Epilepsy
2014;Epilepsy
2011;Epilepsy
2007;Epilepsy
2016;Epilepsy
2008;Epilepsy
2016;Epilepsy
2011;Epilepsy
2009;Epilepsy
2004;Epilepsy
2009;Erectile Dysfunction
2014;Erectile Dysfunction
2003;Erectile Dysfunction
2003;Erectile Dysfunction
1998;Erectile Dysfunction
2009;Erectile Dysfunction
2009;Erectile Dysfunction
2013;Erectile Dysfunction
2009;Erectile Dysfunction
2017;Erectile Dysfunction
2002;Erectile Dysfunction
2001;Erectile Dysfunction
1998;Erectile Dysfunction
2001;Erectile Dysfunction
2001;Erectile Dysfunction
2018;Esophageal Diseases
2016;Exocrine Pancreatic Insufficiency
2006;Extravasation of Diagnostic and Therapeutic Materials
2001;Fabry Disease
2016;Fabry Disease
2001;Fabry Disease
1996;Factor VII Deficiency
2016;Factor X Deficiency
2018;Fallopian Tube Neoplasms
2017;Fallopian Tube Neoplasms
2018;Familial, Hypophosphatemic Rickets, X-Linked Dominant
NA;Fibromyalgia
NA;Fibromyalgia
2002;Fracture Fixation, Internal
2011;Fractures, Bone
2001;Fractures, Bone
2014;Fractures, Bone
2010;Fractures, Bone
2012;Fractures, Bone
2012;Fractures, Bone
2012;Fractures, Bone
2012;Fractures, Bone
2011;Fractures, Bone
1996;Fractures, Bone
2011;Fractures, Bone 
2013;Fractures, Cartilage
NA;Friedreich Ataxia
2009;Gastroesophageal Reflux
2009;Gastroesophageal Reflux
2009;Gastroesophageal Reflux
2009;Gastroesophageal Reflux
2013;Gastroesophageal Reflux
2009;Gastroesophageal Reflux
2017;Gastrointestinal Stromal Tumors
NA;Gastrointestinal Stromal Tumors
2006;Gastrointestinal Stromal Tumors
2001;Gastrointestinal Stromal Tumors
2010;Gaucher Disease
2019;Gaucher Disease
2017;Gaucher Disease
2015;Gaucher Disease
2017;Gaucher Disease
1997;Gaucher Disease
NA;Gaucher Disease
2002;Gaucher Disease
2014;Giant Lymph Node Hyperplasia
2014;Glaucoma, Open-Angle
2014;Glaucoma, Open-Angle
2006;Glaucoma, Open-Angle
2002;Glaucoma, Open-Angle
2006;Glaucoma, Open-Angle
2001;Glaucoma, Open-Angle
2008;Glaucoma, Open-Angle
2000;Glaucoma, Open-Angle
2010;Glioblastoma
2010;Glioblastoma
1999;Glioblastoma
2010;Glioblastoma
2010;Glioblastoma
2011;Glioblastoma
2010;Glioblastoma
2007;Glioma 
2010;Glioma 
2010;Glioma 
1999;Glioma 
2010;Glioma 
2010;Glioma 
2011;Glioma 
2010;Glioma 
2006;Glycogen Storage Disease Type II
2017;Gout
2018;Gout
2008;Gout
2013;Gout
2019;Gout
2017;Gout
2009;Graft Rejection
2007;Graft Rejection
1996;Graft Rejection
2014;Graft Rejection
2008;Graft Rejection
2008;Graft Rejection
2010;Graft Rejection
2011;Graft Rejection
1998;Graft Rejection
2001;Graft Rejection
1999;Graft Rejection
2016;Graft vs Host Disease
2002;Gram-Negative Bacterial Infections
2016;Gram-Negative Bacterial Infections
2006;Gram-Positive Bacterial Infections 
2013;Growth
NA;Guided Tissue Regeneration, Periodontal
2008;Guillain-Barre Syndrome
2007;Guillain-Barre Syndrome
2006;Guillain-Barre Syndrome
2005;Haemophilus
2000;Haemophilus
2013;Haemophilus
2013;Haemophilus
2000;Haemophilus
2012;Head and Neck Neoplasms 
2001;Head and Neck Neoplasms 
2015;Head and Neck Neoplasms 
2012;Head and Neck Neoplasms 
2012;Head and Neck Neoplasms 
2010;Head and Neck Neoplasms 
2007;Head and Neck Neoplasms 
1995;Head and Neck Neoplasms 
2004;Head and Neck Neoplasms 
2005;Heart Failure
2005;Heart Failure
2017;Heart Failure
2015;Heart Failure
2016;Heart Failure
2016;Heart Failure
2015;Heart Failure
2016;Heart Failure
NA;Heart Failure
1998;Helicobacter Infections
1997;Helicobacter Infections
1998;Helicobacter Infections
2014;Hemangioma
2009;Hematopoietic Stem Cell Transplantation
2009;Hematopoietic Stem Cell Transplantation
2010;Hematopoietic Stem Cell Transplantation
2009;Hematopoietic Stem Cell Transplantation
2008;Hematopoietic Stem Cell Transplantation
2008;Hematopoietic Stem Cell Transplantation
2008;Hematopoietic Stem Cell Transplantation
2008;Hematopoietic Stem Cell Transplantation
2014;Hematopoietic Stem Cell Transplantation
2010;Hematopoietic Stem Cell Transplantation
2019;Hematopoietic Stem Cell Transplantation
2003;Hematopoietic Stem Cell Transplantation
2016;Hematopoietic Stem Cell Transplantation
2007;Hemoglobinuria, Paroxysmal
2019;Hemoglobinuria, Paroxysmal
1996;Hemophilia A
2017;Hemophilia A
1999;Hemophilia A
2017;Hemophilia A
2014;Hemophilia A
2018;Hemophilia A
2013;Hemophilia A
2016;Hemophilia A
2015;Hemophilia A
2004;Hemophilia A
2019;Hemophilia A
2018;Hemophilia A
2018;Hemophilia A
2000;Hemophilia A
2016;Hemophilia A
2000;Hemophilia A
2015;Hemophilia A
2013;Hemophilia A
2014;Hemophilia B
2016;Hemophilia B
2016;Hemophilia B
1997;Hemophilia B
2017;Hemophilia B
2001;Hemophilia B
1996;Hemophilia B
2015;Hemorrhage
2013;Hemostasis
2008;Hemostasis, Surgical
2015;Hemostasis, Surgical
2004;Hemostasis, Surgical
2017;Hemostasis, Surgical
2013;Hepatic Veno-Occlusive Disease
1997;Hepatitis 
1996;Hepatitis A
2002;Hepatitis A
1997;Hepatitis A
2010;Hepatitis B
2016;Hepatitis B
2000;Hepatitis B
2002;Hepatitis B
2000;Hepatitis B
2017;Hepatitis B
2017;Hepatitis B
2000;Hepatitis B
2001;Hepatitis B
2005;Hepatitis B
1996;Hepatitis B
2002;Hepatitis B
1999;Hepatitis B
1998;Hepatitis B
2005;Hepatitis B
2000;Hepatitis B
1997;Hepatitis B
1996;Hepatitis B
2000;Hepatitis B
2013;Hepatitis B
2013;Hepatitis B
2000;Hepatitis B
2003;Hepatitis B
2006;Hepatitis B
2017;Hepatitis B
1999;Hepatitis B
2009;Hepatitis B
2007;Hepatitis B
2002;Hepatitis B
2009;Hepatitis B, Liver Transplantation
2000;Hepatitis C, Chronic
2015;Hepatitis C, Chronic
2015;Hepatitis C, Chronic
2017;Hepatitis C, Chronic
1999;Hepatitis C, Chronic
2014;Hepatitis C, Chronic
2016;Hepatitis C, Chronic
2014;Hepatitis C, Chronic
2017;Hepatitis C, Chronic
2014;Hepatitis C, Chronic
2010;Hepatitis C, Chronic
2016;Hepatitis C, Chronic
2000;Hepatitis C, Chronic
2000;Hepatitis C, Chronic
2009;Hepatitis C, Chronic
2011;Hepatitis C, Chronic
2014;Hepatitis C, Chronic
2009;Hepatitis C, Chronic
2011;Hepatitis C, Chronic
2010;Hepatitis C, Chronic
NA;Hepatitis C, Chronic
1999;Hepatitis C, Chronic
1999;Hepatitis C, Chronic
2000;Hepatitis C, Chronic
2002;Hepatitis C, Chronic 
2017;Hepatolenticular Degeneration
2019;Hepatolenticular Degeneration
2004;Hepatolenticular Degeneration
2018;Herpes Zoster
2006;Herpes Zoster
2017;Hidradenitis Suppurativa
2019;Hidradenitis Suppurativa
2018;Hidradenitis Suppurativa
2017;Hidradenitis Suppurativa 
2018;Hidradenitis Suppurativa 
2018;Hidradenitis Suppurativa 
2017;Hidradenitis Suppurativa 
2018;Hidradenitis Suppurativa 
2001;Hirsutism
1999;HIV Infections
1997;HIV Infections
2002;HIV Infections
2016;HIV Infections
2018;HIV Infections
2011;HIV Infections
2012;HIV Infections
2016;HIV Infections
1996;HIV Infections
2001;HIV Infections
2007;HIV Infections
2017;HIV Infections
2014;HIV Infections
2019;HIV Infections
2017;HIV Infections
2004;HIV Infections
2018;HIV Infections
2016;HIV Infections
2003;HIV Infections
2017;HIV Infections
2018;HIV Infections
2017;HIV Infections
2017;HIV Infections
2019;HIV Infections
2011;HIV Infections
2016;HIV Infections
2009;HIV Infections
2004;HIV Infections
2016;HIV Infections
2014;HIV Infections
2016;HIV Infections
1999;HIV Infections
2018;HIV Infections
2015;HIV Infections
2008;HIV Infections
2016;HIV Infections
2018;HIV Infections
2016;HIV Infections
1996;HIV Infections
2007;HIV Infections
1999;HIV Infections
2014;HIV Infections
2007;HIV Infections
2019;HIV Infections
2005;HIV Infections
2007;HIV Infections
2018;HIV Infections
2013;HIV Infections
2013;HIV Infections
2016;HIV Infections
1996;HIV Infections
1996;HIV Infections
1999;HIV Infections
2015;HIV Infections
2003;HIV Infections
1998;HIV Infections
2018;HIV Infections
2017;HIV Infections
2009;HIV Infections
1996;HIV Infections
1998;HIV Infections
2004;HIV Infections
2000;HIV Infections
2005;HIV Infections
2011;HIV Infections
2013;HIV Infections
2015;HIV Infections
1998;HIV Infections
2000;HIV Infections
1998;HIV Infections
2012;Hodgkin Disease
2015;Hodgkin Disease
2015;Hodgkin Disease
2018;Hodgkin Disease
2007;Homocystinuria
2017;Hyperammonemia 
2015;Hypercalcemia
2012;Hypercalcemia
1996;Hypercalcemia
2004;Hypercalcemia
1996;Hypercalcemia 
2014;Hypercalcemia 
2011;Hypercalcemia 
1999;Hypercalcemia 
2004;Hypercalcemia 
2015;Hypercholesterolemia
2013;Hypercholesterolemia
2004;Hypercholesterolemia
NA;Hypercholesterolemia
2013;Hypereosinophilic Syndrome
2013;Hypereosinophilic Syndrome
2013;Hypereosinophilic Syndrome
2013;Hypereosinophilic Syndrome
2018;Hyperkalemia
2017;Hyperkalemia
2019;Hyperlipoproteinemia Type I
2012;Hyperlipoproteinemia Type I
2004;Hyperparathyroidism
2004;Hyperparathyroidism
2016;Hyperparathyroidism, Secondary
2015;Hyperparathyroidism, Secondary
2013;Hyperphosphatemia
2015;Hyperphosphatemia
2009;Hyperphosphatemia
2014;Hyperphosphatemia
2015;Hyperphosphatemia
2000;Hyperphosphatemia
2011;Hypertension
2007;Hypertension
2009;Hypertension
2009;Hypertension
2010;Hypertension
2007;Hypertension
2007;Hypertension
2009;Hypertension
2009;Hypertension
2002;Hypertension
2002;Hypertension
2009;Hypertension
1998;Hypertension
2008;Hypertension
2011;Hypertension
2007;Hypertension
1997;Hypertension
1997;Hypertension
2007;Hypertension
2016;Hypertension
2013;Hypertension
2002;Hypertension
2007;Hypertension
2009;Hypertension
2010;Hypertension
1998;Hypertension
2010;Hypertension
2010;Hypertension
1998;Hypertension
2011;Hypertension
1998;Hypertension
1998;Hypertension
2012;Hypertension
2007;Hypertension
2011;Hypertension
2011;Hypertension
2011;Hypertension
2007;Hypertension
2009;Hypertension
2011;Hypertension
2011;Hypertension
2011;Hypertension
2007;Hypertension
2007;Hypertension
2007;Hypertension
2007;Hypertension
2007;Hypertension
2001;Hypertension Pulmonary
2002;Hypertension, Pulmonary
2013;Hypertension, Pulmonary
2016;Hypertension, Pulmonary
2003;Hypertension, Pulmonary
2016;Hypertension, Pulmonary
2016;Hypertension, Pulmonary
2008;Hypertension, Pulmonary
2019;Hypertension, Pulmonary
2005;Hypertension, Pulmonary
2017;Hypertension, Pulmonary
2014;Hypertension, Pulmonary
2008;Hypertension, Pulmonary
2006;Hypertension, Pulmonary
2013;Hypertension, Pulmonary
2001;Hyperuricemia
2016;Hyperuricemia
2017;Hyperuricemia
2019;Hyperuricemia,
1995;Hypogonadism
2009;Hypogonadism
1996;Hypogonadism
NA;Hypogonadism
2017;Hypoparathyroidism
2015;Hypophosphatasia
2018;Hypophosphatemia
2019;Hypotension, Shock
2011;Idiopathic Pulmonary Fibrosis
2015;Idiopathic Pulmonary Fibrosis
2008;Immunologic Deficiency Syndromes
2006;Immunologic Deficiency Syndromes
2011;Immunologic Deficiency Syndromes
2013;Immunologic Deficiency Syndromes
2007;Impetigo
2009;Inappropriate ADH Syndrome
2013;Inborn Errors
2017;Inborn Errors
2017;Inborn Errors
2003;Inborn Errors
2015;Inborn, Lung Diseases
year;indication
2012;Infectious, Pneumonia
2009;Infertility, Female
1996;Infertility, Female
2007;Infertility, Female
2011;Influenza, Human
2007;Influenza, Human
2002;Influenza, Human
2010;Influenza, Human
2009;Influenza, Human
2013;Influenza, Human
2019;Influenza, Human
2018;Influenza, Human
2018;Influenza, Human
2014;Influenza, Human
2016;Influenza, Human
2009;Influenza, Human
2009;Influenza, Human
2009;Influenza, Human
2009;Influenza, Human
2008;Influenza, Human
2010;Influenza, Human
2007;Influenza, Human
2011;Influenza, Human
2008;Influenza, Human
2010;Influenza, Human
2010;Influenza, Human
2009;Influenza, Human
2008;Influenza, Human
2012;Influenza, Human
2007;Influenza, Human
2019;Iron Overload
2018;Iron Overload
2016;Iron-Deficiency
2012;Irritable Bowel Syndrome
NA;Irritable Bowel Syndrome
2016;Irritable Bowel Syndrome
2017;Keratitis
1998;Keratosis
2012;Keratosis
1998;Keratosis, Actinic
2012;Keratosis, Actinic
2012;Keratosis, Actinic
2011;Keratosis, Actinic
1997;Kidney Failure
2009;Kidney Failure
2002;Kidney Failure
2001;Kidney Failure
2009;Kidney Failure 
2007;Kidney Failure, Chronic
2007;Kidney Failure, Chronic
2001;Kidney Failure, Chronic
2007;Kidney Failure, Chronic
2007;Kidney Failure, Chronic
2007;Kidney Failure, Chronic
2007;Kidney Failure, Chronic
2012;Kidney Failure, Chronic
2011;Kidney Transplantation
1998;Kidney Transplantation
2001;Kidney Transplantation
1999;Kidney Transplantation
2017;Kidney Transplantation
2009;Lambert-Eaton Myasthenic Syndrome
2007;Laron Syndrome
2018;Leber Congenital Amaurosis
2012;Leiomyoma
2018;Leiomyosarcoma
2019;Lennox Gastaut Syndrome
2015;Lens Implantation, Intraocular, Pain, Postoperative
2017;Leukemia
2017;Leukemia
2013;Leukemia
2000;Leukemia
2017;Leukemia
2014;Leukemia
1998;Leukemia
2017;Leukemia
2000;Leukemia
2017;Leukemia
2013;Leukemia
2001;Leukemia
2014;Leukemia
2006;Leukemia
2008;Leukemia
2004;Leukemia
2014;Leukemia
2016;Leukemia
2010;Leukemia
2013;Leukemia
2012;Leukemia
2007;Leukemia
2013;Leukemia
2013;Leukemia
2013;Leukemia
2012;Leukemia
2013;Leukemia
2018;Leukemia
2019;Leukemia
2018;Leukemia
NA;Leukemia
2017;Leukemia
2019;Leukemia
2002;Leukemia
2000;Lewy Body Disease
2015;Lipid Metabolism, Inborn Errors
2018;Lipodystrophy, Familial Partial
2011;Liposarcoma
2016;Liver Cirrhosis, Biliary
2017;Liver Transplantation
2011;Lupus Erythematosus, Systemic
2001;Lymphocytic, Chronic, B-Cell
2014;Lymphocytic, Chronic, B-Cell
2017;Lymphocytic, Chronic, B-Cell
2017;Lymphocytic, Chronic, B-Cell
2009;Lymphoma
2018;Lymphoma Large B-Cell, Diffuse
2000;Lymphoma, Follicular
2004;Lymphoma, Follicular
2018;Lymphoma, Follicular
2018;Lymphoma, Large B-Cell, Diffuse
2007;Lymphoma, Mantle-Cell
2007;Lymphoma, Mantle-Cell
2014;Lymphoma, Mantle-Cell
2018;Lymphoma, Non-Hodgkin
2012;Lymphoma, Non-Hodgkin
NA;Lymphoma, Non-Hodgkin
NA;Lymphoma, Non-Hodgkin
2017;Lymphoma, Non-Hodgkin
2017;Lymphoma, Non-Hodgkin
2017;Lymphoma, Non-Hodgkin
2012;Lymphoma, Non-Hodgkin
2014;Lymphoma, Non-Hodgkin
2017;Lymphoma, Non-Hodgkin
2017;Lymphoma, Non-Hodgkin
2017;Lymphoma, Non-Hodgkin
1998;Lymphoma, Non-Hodgkin, Arthritis, Rheumatoid
NA;Lymphoma, T-Cell
2001;Lymphoma, T-Cell, Cutaneous
2000;Macular Degeneration
2012;Macular Edema
2007;Macular Edema
2010;Macular Edema, Uveitis
2005;Magnetic Resonance Angiography
2012;Malabsorption Syndromes
2011;Malaria
2017;Mastocytosis
NA;Mastocytosis
2006;Measles
2006;Measles
2011;Melanoma
2018;Melanoma
2018;Melanoma
2015;Melanoma
2015;Melanoma
2013;Melanoma
2014;Melanoma
2012;Melanoma
NA;Melanoma
2015;Melanoma
2015;Melanoma
2001;Meningeal Neoplasms
2005;Meningitis
2000;Meningitis
2013;Meningitis
2000;Meningitis
1999;Meningitis
2013;Meningitis
2016;Meningitis
2010;Meningitis
2012;Meningitis
2013;Meningitis
2017;Meningitis
2018;Menopause
2015;Mesothelioma
2016;Mesothelioma
2016;Mesothelioma
2018;Mesothelioma
2016;Mesothelioma
2017;Mesothelioma
2015;Mesothelioma
2015;Mesothelioma
2015;Mesothelioma
2015;Mesothelioma
2004;Mesothelioma
2015;Metabolism, Inborn Errors
2011;Methemoglobinemia
2017;Microscopic Polyangiitis
2017;Microscopic Polyangiitis
2017;Microscopic Polyangiitis
2017;Microscopic Polyangiitis
2017;Microscopic Polyangiitis
2018;Migraine Disorders
2019;Migraine Disorders
2018;Migraine Disorders
NA;Migraine Disorders
2019;Movement Disorders
2008;Mucocutaneous Lymph Node Syndrome
2006;Mucocutaneous Lymph Node Syndrome
2007;Mucocutaneous Lymph Node Syndrome
2003;Mucopolysaccharidosis 
2007;Mucopolysaccharidosis 
2014;Mucopolysaccharidosis 
2006;Mucopolysaccharidosis 
2018;Mucopolysaccharidosis 
2005;Mucositis
2000;Multiple Myeloma
1996;Multiple Myeloma
2016;Multiple Myeloma
2016;Multiple Myeloma
2016;Multiple Myeloma
2016;Multiple Myeloma
2008;Multiple Myeloma
2017;Multiple Myeloma
2013;Multiple Myeloma
2015;Multiple Myeloma
2015;Multiple Myeloma
2016;Multiple Myeloma
2018;Multiple Myeloma
2015;Multiple Myeloma
2004;Multiple Myeloma
NA;Multiple Myeloma
2009;Multiple Myeloma
2007;Multiple Myeloma
2006;Multiple Sclerosis
2008;Multiple Sclerosis
2014;Multiple Sclerosis
1998;Multiple Sclerosis
1997;Multiple Sclerosis
1995;Multiple Sclerosis
2014;Multiple Sclerosis
2011;Multiple Sclerosis
2013;Multiple Sclerosis
2018;Multiple Sclerosis
2013;Multiple Sclerosis
2011;Multiple Sclerosis
2017;Multiple Sclerosis
2016;Multiple Sclerosis
NA;Multiple Sclerosis
2006;Mumps
2006;Mumps
2017;Muscular Atrophy, Spinal
2014;Muscular Dystrophy, Duchenne
NA;Muscular Dystrophy, Duchenne
2013;Mycoses
2002;Mycoses
2005;Mycoses
2019;Mycoses
2019;Mycoses
2005;Mycoses, Coccidioidomycosis
2018;Mycosis Fungoides
2017;Mycosis Fungoides
2007;Myelodysplastic Syndromes
2008;Myelodysplastic Syndromes
2019;Myelodysplastic Syndromes
2013;Myelodysplastic-Myeloproliferative Diseases
2013;Myelodysplastic-Myeloproliferative Diseases
2013;Myelodysplastic-Myeloproliferative Diseases
2013;Myelodysplastic-Myeloproliferative Diseases
2001;Myelodysplastic-Myeloproliferative Diseases
2001;Leukemia
2001;Myelogenous, Chronic, BCR-ABL Positive
2006;Myelogenous, Chronic, BCR-ABL Positive
2013;Myelogenous, Chronic, BCR-ABL Positive 
2012;Myeloproliferative Disorders
2009;Myocardial Infarction
2010;Myocardial Infarction
2014;Myocardial Infarction
2009;Myocardial Infarction
1999;Myocardial Infarction
2009;Myocardial Infarction
2009;Myocardial Infarction
2009;Myocardial Infarction
2009;Myocardial Infarction
2009;Myocardial Infarction
2010;Myocardial Infarction
2009;Myocardial Infarction
2011;Myocardial Infarction
2010;Myocardial Infarction
2009;Myocardial Infarction
2009;Myocardial Infarction
2009;Myocardial Infarction
2009;Myocardial Infarction
2009;Myocardial Infarction
2009;Myocardial Infarction
2009;Myocardial Infarction
2009;Myocardial Infarction
2009;Myocardial Infarction
1998;Myocardial Infarction
2008;Myocardial Infarction
2002;Myocardial Infarction
2009;Myocardial Infarction
2010;Myocardial Infarction
2016;Myocardial Infarction
1996;Myocardial Infarction
2001;Myocardial Infarction
2015;Myocardial Infarction
2001;Myocardial Infarction
1996;Myocardial Infarction
2018;Myocardial Infarction
2015;Myocardial Infarction
2009;Myocardial Infarction
1998;Myocardial Infarction
2008;Myocardial Infarction
2002;Myocardial Infarction
2007;Myoclonic Epilepsy, Juvenile
2007;Myopia, Degenerative
2000;Myopia, Degenerative
2018;Myotonic Disorders
2005;Narcolepsy
2016;Narcolepsy
2016;Nausea
2015;Nausea
2011;Neoplasm Metastasis
2010;Neoplasm Metastasis
2011;Neoplasm Metastasis
1996;Neoplasm Metastasis 
2011;Neoplasm Metastasis 
2012;Neoplasms by Site
2015;Neuralgia
2015;Neuralgia
2004;Neuralgia
2009;Neuralgia
2014;Neuralgia
2015;Neuralgia
2017;Neuralgia, Epilepsy
2015;Neuralgia, Epilepsy
2013;Neurobehavioral Manifestations
2017;Neuroblastoma
2015;Neuroblastoma
2017;Neuroendocrine Tumors
2006;Neuroendocrine Tumors
2017;Neuroendocrine Tumors
2017;Neuroendocrine Tumors
2016;Neuroendocrine Tumors
2008;Neuromuscular Blockade
2017;Neuronal Ceroid-Lipofuscinoses
2018;Neutropenia
2018;Neutropenia
2018;Neutropenia
2013;Neutropenia
2018;Neutropenia
2019;Neutropenia
2014;Neutropenia
2018;Neutropenia
2013;Neutropenia
2015;Neutropenia
2002;Neutropenia
2002;Neutropenia
2009;Neutropenia
2010;Neutropenia
2009;Neutropenia
2008;Neutropenia
2008;Neutropenia
2008;Neutropenia
2008;Neutropenia
2002;Niemann-Pick Diseases
1998;Obesity
2007;Obesity
NA;Obesity
2006;Obesity
2006;Obesity
2015;Obesity
2015;Obesity
2006;Ocular Hypertension
2002;Ocular Hypertension
2006;Ocular Hypertension
2001;Ocular Hypertension
2008;Ocular Hypertension
2000;Ocular Hypertension
2014;Ocular Hypertension
2014;Ocular Hypertension
2007;Ophthalmologic Surgical Procedures
2011;Ophthalmologic Surgical Procedures
2018;Opioid-Related Disorders
2019;Opioid-Related Disorders
2006;Opioid-Related Disorders
2017;Opioid-Related Disorders
2017;Opioid-Related Disorders
1997;Opioid-Related Disorders
2008;Opioid-Related Disorders
2015;Optic Atrophy, Hereditary, Leber
1999;Ornithine Carbamoyltransferase Deficiency Disease
1999;Osteitis Deformans
2003;Osteoarthritis
2003;Osteoarthritis, Arthritis
1997;Osteomyelitis
2010;Osteomyelitis
2014;Osteoporosis
2017;Osteoporosis
2017;Osteoporosis
NA;Osteoporosis
2014;Osteoporosis
2012;Osteoporosis
2005;Osteoporosis
2003;Osteoporosis
1998;Osteoporosis
2005;Osteoporosis
2004;Osteoporosis
1998;Osteoporosis
2009;Osteoporosis
2010;Osteoporosis
2009;Osteoporosis
2007;Osteoporosis
2004;Osteoporosis
2004;Osteoporosis
2006;Osteoporosis
2004;Osteoporosis
2009;Osteoporosis
2003;Osteoporosis, Postmenopausal
2010;Osteoporosis, Postmenopausal
2010;Osteoporosis, Postmenopausal
2012;Osteoporosis, Postmenopausal
2009;Osteosarcoma
NA;Ovarian Neoplasms
2005;Ovarian Neoplasms
2018;Ovarian Neoplasms
2017;Ovarian Neoplasms
1996;Ovarian Neoplasms
1999;Ovarian Neoplasms
2014;Ovarian Neoplasms
2018;Ovarian Neoplasms
2018;Ovarian Neoplasms
1997;Ovarian Neoplasms
1996;Ovarian Neoplasms
2009;Ovarian Neoplasms
1996;Ovarian Neoplasms
2007;Ovarian Neoplasms
2015;Overweight
2000;Ovulation Induction
2010;Ovulation Induction
2000;Ovulation Induction, Infertility, Female
1999;Ovulation, Ovulation Induction
2018;Pain
2009;Pain, Cancer
2010;Pain, Cancer
2008;Pain, Cancer
1998;Pain, Cancer
2015;Pain, Postoperative
2002;Pain, Postoperative
2015;Pain, Postoperative
2006;Pain, Postoperative
2002;Pain, Postoperative
2002;Pain, Postoperative
2007;Pain, Postoperative
2011;Pain, Postoperative
2008;Pancreatic Neoplasms
2005;Pancreatic Neoplasms
2009;Pancreatic Neoplasms
2016;Pancreatic Neoplasms
NA;Pancreatic Neoplasms
2015;Papillomavirus Infections
2006;Papillomavirus Infections
2006;Papillomavirus Infections
2007;Papillomavirus Infections
2004;Parathyroid Neoplasms
2004;Parathyroid Neoplasms 
2009;Parkinson Disease
1998;Parkinson Disease
1998;Parkinson Disease
2009;Parkinson Disease
2011;Parkinson Disease
2009;Parkinson Disease
2009;Parkinson Disease
2009;Parkinson Disease
1998;Parkinson Disease
1997;Parkinson Disease
2011;Parkinson Disease
2006;Parkinson Disease
2015;Parkinson Disease
1998;Parkinson Disease
2011;Parkinson Disease
2008;Parkinson Disease
2015;Parkinson Disease
2019;Parkinson Disease
2011;Parkinson Disease
2003;Parkinson Disease
2013;Parkinson Disease
2016;Parkinson Disease
2016;Parkinson Disease
2011;Parkinson Disease
1997;Parkinson Disease
2015;Parkinson Disease
1998;Parkinson Disease
2005;Parkinson Disease
2008;Parkinson Disease
1997;Parkinson Disease
2011;Parkinson Disease
2000;Parkinson Disease
2015;Peripheral Vascular Diseases
2009;Peripheral Vascular Diseases
1998;Peripheral Vascular Diseases
1998;Peripheral Vascular Diseases
2008;Peripheral Vascular Diseases
2008;Peripheral Vascular Diseases
2009;Peripheral Vascular Diseases
2009;Peripheral Vascular Diseases
2009;Peripheral Vascular Diseases
2009;Peripheral Vascular Diseases
2009;Peripheral Vascular Diseases
2009;Peripheral Vascular Diseases
2009;Peripheral Vascular Diseases
2010;Peripheral Vascular Diseases
2010;Peripheral Vascular Diseases
2009;Peripheral Vascular Diseases
2011;Peripheral Vascular Diseases
2010;Peripheral Vascular Diseases
2009;Peripheral Vascular Diseases
2009;Peripheral Vascular Diseases
2009;Peripheral Vascular Diseases
2009;Peripheral Vascular Diseases
2009;Peripheral Vascular Diseases
2009;Peripheral Vascular Diseases
2009;Peripheral Vascular Diseases
2009;Peripheral Vascular Diseases
2009;Peripheral Vascular Diseases
2009;Peripheral Vascular Diseases
2010;Peripheral Vascular Diseases
2018;Peritoneal Neoplasms
2017;Peritoneal Neoplasms
2001;Pharyngitis
2001;Pharyngitis
2019;Phenylketonurias
2008;Phenylketonurias
2012;Pituitary ACTH Hypersecretion
2009;Pneumococcal Infections
2009;Pneumococcal Infections
2001;Pneumococcal Infections
2001;Pneumonia
2018;Pneumonia
2016;Pneumonia
2002;Pneumonia
2001;Pneumonia
2018;Pneumonia
2011;Pneumonia
2016;Pneumonia
2008;Pneumonia
2007;Poisoning
2000;Poliomyelitis
2000;Poliomyelitis 
2016;Poliomyelitis 
2013;Poliomyelitis 
2013;Poliomyelitis 
2000;Poliomyelitis 
2015;Polycystic Kidney, Autosomal Dominant
2019;Polycythemia Vera
2015;Postmenopause
2003;Postoperative Nausea and Vomiting
2006;Prader-Willi Syndrome
2018;Precursor B-Cell Lymphoblastic Leukemia-Lymphoma
2017;Precursor Cell Lymphoblastic Leukemia-Lymphoma
2013;Precursor Cell Lymphoblastic Leukemia-Lymphoma
2013;Precursor Cell Lymphoblastic Leukemia-Lymphoma
2019;Precursor Cell Lymphoblastic Leukemia-Lymphoma
2015;Precursor Cell Lymphoblastic Leukemia-Lymphoma
2017;Precursor Cell Lymphoblastic Leukemia-Lymphoma
2016;Precursor Cell Lymphoblastic Leukemia-Lymphoma
2016;Precursor Cell Lymphoblastic Leukemia-Lymphoma
2006;Precursor Cell Lymphoblastic Leukemia-Lymphoma
2013;Precursor Cell Lymphoblastic Leukemia-Lymphoma
2013;Precursor Cell Lymphoblastic Leukemia-Lymphoma
2001;Precursor Cell Lymphoblastic Leukemia-Lymphoma
2006;Precursor Cell Lymphoblastic Leukemia-Lymphoma
2007;Precursor T-Cell Lymphoblastic Leukemia-Lymphoma
2013;Premature Birth
2000;Premature Birth
2003;Propionic Acidemia
2010;Prostatic Hyperplasia
2019;Prostatic Hyperplasia
2010;Prostatic Hyperplasia
2011;Prostatic Neoplasms
NA;Prostatic Neoplasms
2019;Prostatic Neoplasms
2011;Prostatic Neoplasms
2013;Prostatic Neoplasms
2013;Prostatic Neoplasms
2009;Prostatic Neoplasms
2017;Prostatic Neoplasms
2013;Prostatic Neoplasms
2017;Prostatic Neoplasms
2013;Prostatic Neoplasms
2011;Prostatic Neoplasms 
2012;Prostatic Neoplasms 
2010;Prostatic Neoplasms 
2012;Prostatic Neoplasms 
2012;Prostatic Neoplasms 
2010;Prostatic Neoplasms 
2007;Prostatic Neoplasms 
1995;Prostatic Neoplasms 
2001;Protein C Deficiency
2014;Protoporphyria, Erythropoietic
2017;Psoriasis
2018;Psoriasis
2015;Psoriasis
2013;Psoriasis
2013;Psoriasis
2017;Psoriasis
2017;Psoriasis
2016;Psoriasis
2015;Psoriasis
2016;Psoriasis
2017;Psoriasis
2019;Psoriasis
2018;Psoriasis
2018;Psoriasis
2017;Psoriasis
2017;Psoriasis
2019;Psoriasis
2003;Psoriasis
2019;Psoriasis
2017;Psoriasis
2017;Psoriasis
2019;Psoriasis
2017;Psoriasis
2017;Psoriasis
2016;Psoriasis
2018;Psoriasis
2004;Psoriasis
2009;Psoriasis
2000;Psoriasis
2018;Psoriasis
2007;Psychotic Disorders
2018;Pulmonary Disease
2014;Pulmonary Disease
2017;Pulmonary Disease
2014;Pulmonary Disease
2014;Pulmonary Disease
2019;Pulmonary Disease
2018;Pulmonary Disease
2018;Pulmonary Disease
2014;Pulmonary Disease
2014;Pulmonary Disease
2013;Pulmonary Disease
2013;Pulmonary Disease
2014;Pulmonary Disease
2017;Pulmonary Disease
2013;Pulmonary Disease
2017;Pulmonary Disease
2017;Pulmonary Disease
2009;Pulmonary Disease
2009;Pulmonary Disease
2012;Pulmonary Disease
2009;Pulmonary Disease
2012;Pulmonary Disease
2012;Pulmonary Disease
2012;Pulmonary Disease
2010;Pulmonary Disease
2011;Pulmonary Disease
2011;Pulmonary Disease
2012;Pulmonary Disease
2014;Pulmonary Disease
2016;Pulmonary Disease
2014;Pulmonary Disease
2016;Pulmonary Disease
2014;Pulmonary Disease
2014;Pulmonary Disease
2002;Pulmonary Embolism
2002;Pulmonary Embolism
2007;Purpura
2001;Purpura
2009;Purpura, Thrombocytopenic, Idiopathic
2010;Purpura, Thrombocytopenic, Idiopathic
2006;Purpura, Thrombocytopenic, Idiopathic
2008;Purpura, Thrombocytopenic, Idiopathic
2018;Purpura, Thrombotic Thrombocytopenic
2019;Radiation Injuries
2018;Rectal Fistula
2013;Renal Dialysis
2015;Renal Dialysis
2009;Renal Dialysis
2014;Renal Dialysis
2015;Renal Dialysis
1995;Reproductive Techniques
2001;Reproductive Techniques
2000;Reproductive Techniques, Assisted
2010;Reproductive Techniques, Assisted
2001;Respiratory Insufficiency
1999;Respiratory Syncytial Virus Infections
2011;Respiratory Tract Infections
2009;Respiratory Tract Infections
2015;Respiratory Tract Infections
2015;Respiratory Tract Infections
2018;Respiratory Tract Infections
2019;Respiratory Tract Infections
1998;Restless Legs Syndrome
1997;Restless Legs Syndrome
2011;Restless Legs Syndrome
2006;Restless Legs Syndrome
2013;Retinal Diseases
2018;Retinitis Pigmentosa
2003;Rheumatoid, Dysmenorrhea
2011;Rhinitis, Allergic, Seasonal
2012;Rhinitis, Allergic, Seasonal
2011;Rhinitis, Allergic, Seasonal
2008;Rhinitis, Allergic, Seasonal
2001;Rhinitis, Allergic, Seasonal
2001;Rhinitis, Allergic, Seasonal
2012;Rhinitis, Allergic, Seasonal
2001;Rhinitis, Allergic, Seasonal
2001;Rhinitis, Allergic, Seasonal
2001;Rhinitis, Allergic, Seasonal
2007;Rhinitis, Allergic, Seasonal
2008;Rhinitis, Allergic, Seasonal
2008;Rhinitis, Allergic, Seasonal
2008;Rhinitis, Allergic, Seasonal
2011;Rhinitis, Allergic, Seasonal
2001;Rhinitis, Allergic, Seasonal
2011;Rhinitis, Allergic, Seasonal
2012;Rhinitis, Allergic, Seasonal
2001;Rhinitis, Allergic, Seasonal
2012;Rhinitis, Allergic, Seasonal
2001;Rhinitis, Allergic, Seasonal
2001;Rhinitis, Allergic, Seasonal
2001;Rhinitis, Allergic, Seasonal
2006;Rotavirus Infections
1999;Rotavirus Infections
2006;Rotavirus Infections
2006;Rubella
2006;Rubella
2016;Sarcoma
1999;Sarcoma
NA;Sarcoma
2000;Sarcoma
1996;Sarcoma
1999;Sarcoma
2014;Schizophrenia
2014;Schizophrenia
2013;Schizophrenia
2008;Schizophrenia
2018;Schizophrenia
2011;Schizophrenia
2017;Schizophrenia
NA;Schizophrenia
2009;Schizophrenia
2004;Schizophrenia
2008;Schizophrenia
2009;Schizophrenia
2009;Schizophrenia
2009;Schizophrenia
2010;Schizophrenia
2015;Schizophrenia
2015;Schizophrenia
2015;Schizophrenia
2007;Schizophrenia
2013;Schizophrenia
2015;Schizophrenia
2000;Schizophrenia
1996;Schizophrenia
2007;Schizophrenia
2007;Schizophrenia
1996;Schizophrenia
2007;Schizophrenia
2013;Scleroderma, Systemic
2002;Scleroderma, Systemic
2002;Sepsis, Multiple Organ Failure
2016;Severe Combined Immunodeficiency
2013;Sexual Dysfunction, Physiological
2006;Sexual Dysfunctions, Psychological
2006;Sexual Dysfunctions, Psychological
2018;Sezary Syndrome
2016;Sialorrhea
2007;Sickle Cell
2019;Sickle Cell
2001;Sinusitis
2001;Sinusitis
2019;Skin Aging
2006;Skin Diseases
2012;Skin Diseases
2018;Skin Diseases
2017;Skin Diseases
2015;Skin Diseases
2015;Skin Diseases
2015;Skin Diseases
2014;Skin Diseases
NA;Skin Diseases, Infectious
1999;Skin Ulcer
2015;Sleep Disorders, Circadian Rhythm
2007;Sleep Initiation and Maintenance Disorders
1999;Sleep Initiation and Maintenance Disorders
1999;Sleep Initiation and Maintenance Disorders
2018;Sleep Initiation and Maintenance Disorders
2011;Small Cell Lung Carcinoma
2009;Small Cell Lung Carcinoma
1996;Small Cell Lung Carcinoma
2009;Small Cell Lung Carcinoma
2011;Small Cell Lung Carcinoma
2010;Small Cell Lung Carcinoma
2013;Smallpox Vaccine
NA;Soft Tissue Infections
2017;Soft Tissue Infections
2015;Soft Tissue Infections
2015;Soft Tissue Infections
2015;Soft Tissue Infections
2006;Soft Tissue Infections 
2018;Spasms, Infantile
2002;Spinal Fusion
2005;Spinal Pain
2017;Spondylitis, Ankylosing
2017;Spondylitis, Ankylosing
2000;Spondylitis, Ankylosing
2003;Spondylitis, Ankylosing
2016;Spondylitis, Ankylosing
1999;Spondylitis, Ankylosing
2003;Spondylitis, Ankylosing
2018;Spondylitis, Ankylosing 
2018;Spondylitis, Ankylosing 
2015;Spondylitis, Ankylosing 
2009;Spondylitis, Ankylosing 
2013;Spondylitis, Ankylosing 
2013;Spondylitis, Ankylosing 
2017;Spondylitis, Ankylosing 
2017;Spondylitis, Ankylosing 
2017;Spondylitis, Ankylosing 
2018;Spondylitis, Ankylosing 
2017;Spondylitis, Ankylosing 
2019;Spondylitis, Ankylosing 
2019;Spondylitis, Ankylosing 
2018;Spondylitis, Ankylosing 
2018;Spondylitis, Ankylosing 
2018;Spondylitis, Ankylosing 
2009;Spondylolisthesis
2001;Squamous Cell
2002;Staphylococcal Infections
2007;Staphylococcal Skin Infections
2015;Stem Cell Transplantation, Corneal Diseases
2014;Stomach Neoplasms
2011;Stomach Neoplasms
2000;Stomach Neoplasms
2017;Stomach Neoplasms
2018;Stomach Neoplasms
2018;Stomach Neoplasms
2018;Stomach Neoplasms
2018;Stomach Neoplasms
2015;Stomach Neoplasms
2010;Stomach Neoplasms
2013;Stomach Neoplasms
2012;Stomach Neoplasms 
2012;Stomach Neoplasms 
2001;Stomach Neoplasms 
2012;Stomach Neoplasms 
2010;Stomach Neoplasms 
2007;Stomach Neoplasms 
1995;Stomach Neoplasms 
2002;Streptococcal Infections
2009;Stroke
2015;Stroke
2009;Stroke
2009;Stroke
2009;Stroke
2009;Stroke
2009;Stroke
2009;Stroke
2010;Stroke
2009;Stroke
2011;Stroke
2010;Stroke
2009;Stroke
2009;Stroke
2009;Stroke
2009;Stroke
2009;Stroke
2009;Stroke
2009;Stroke
2009;Stroke
2009;Stroke
1998;Stroke
1998;Stroke
2008;Stroke
2008;Stroke
2017;Stroke
2015;Stroke
2009;Stroke 
2002;Surgical Wound Infection
1998;Tetanus 
2005;Tetanus 
2000;Tetanus 
1997;Tetanus 
2016;Tetanus 
2013;Tetanus 
2000;Tetanus 
1996;Tetanus 
2000;Tetanus 
1999;Tetanus 
2013;Tetanus 
1996;Thrombasthenia
2004;Thrombocythemia, Essential
2018;Thrombocythemia, Essential
1997;Thrombocytopenia
2019;Thrombocytopenia
NA;Thrombocytopenia
2007;Thrombocytopenia
1997;Thromboembolism
2015;Thyroid Neoplasms
2014;Thyroid Neoplasms
2012;Thyroid Neoplasms
2000;Thyroid Neoplasms
2001;Tibial Fractures
2002;Tibial Fractures
2006;Tobacco Use Cessation
2001;Tonsillitis
2001;Tonsillitis
2001;Torticollis
2014;Tuberculosis
2014;Tuberculosis, Multidrug-Resistant
2014;Tuberculosis, Multidrug-Resistant
2011;Tuberous Sclerosis
2001;Turner Syndrome
2006;Turner Syndrome
2006;Turner Syndrome
2017;Tyrosinemias
2005;Tyrosinemias
2018;Tyrosinemias
2019;Ulcerative, Crohn Disease
2015;Urea Cycle Disorders, Inborn
NA;Urea Cycle Disorders, Inborn
2004;Urinary Bladder, Overactive
2016;Urinary Tract Infections
2007;Urologic disease
2012;Urologic disease
2004;Urologic disease
2004;Urologic disease
2004;Urologic disease
2018;Urologic disease
2009;Urologic Neoplasms
2012;Urticaria
2001;Urticaria
2001;Urticaria
2001;Urticaria
2001;Urticaria
2011;Urticaria
2001;Urticaria
2012;Urticaria
2007;Uterine Cervical Dysplasia
2015;Uterine Cervical Neoplasms
2006;Uterine Cervical Neoplasms
2006;Uterine Cervical Neoplasms
2019;Uterine Cervical Neoplasms
2009;Uterine Cervical Neoplasms
1996;Uterine Cervical Neoplasms
2010;Uterine Cervical Neoplasms
2009;Uterine Cervical Neoplasms
2011;Uterine Cervical Neoplasms
2018;Uveitis
2003;Uveitis
;Uveitis
2019;Uveitis
2019;Uveitis
2018;Uveitis 
2017;Uveitis 
2015;Vascular Surgical Procedures
2008;Venous Thromboembolism
2008;Venous Thromboembolism
2011;Venous Thromboembolism
2017;Venous Thromboembolism
2016;Venous Thromboembolism
2016;Venous Thrombosis
2016;Venous Thrombosis
NA;Venous Thrombosis
1997;Venous Thrombosis
2002;Venous Thrombosis
2002;Venous Thrombosis
2008;Ventilator-Associated, Pneumonia
2009;Vitamin E Deficiency
2016;Vomiting, Cancer
2012;Vomiting, Cancer
2008;Vomiting, Cancer
2005;Vomiting, Cancer
2015;Vomiting, Cancer
2016;Vomiting, Cancer
2017;Vomiting, Cancer
2003;Vomiting, Cancer
2013;von Willebrand Diseases
2018;von Willebrand Diseases
2012;Water-Electrolyte Imbalance
2017;Wegener Granulomatosis
2017;Wegener Granulomatosis
2017;Wegener Granulomatosis
2017;Wegener Granulomatosis
2017;Wegener Granulomatosis
2006;Wet Macular Degeneration
2012;Wet Macular Degeneration
2007;Wet Macular Degeneration
2016;Whooping Cough
2005;Whooping Cough
2000;Whooping Cough
1997;Whooping Cough
1996;Whooping Cough
1999;Whooping Cough
2000;Whooping Cough
2013;Whooping Cough 
2000;Whooping Cough 
2013;Whooping Cough 
2016;Wound Healing
1999;Wound Healing
2012;Wounds and Injuries
2016;Wounds and Injuries
2017;Xanthomatosis
